customerID,churn_pred,churn_proba
1024-GUALD,1,0.8170312297489906
0484-JPBRU,0,0.18329856024415628
3620-EHIMZ,0,0.023397759120038195
6910-HADCM,1,0.8309237421402886
8587-XYZSF,0,0.031463092999961355
