customerID,churn_pred,churn_proba
1024-GUALD,1,0.817031232813535
0484-JPBRU,0,0.18329856190049293
3620-EHIMZ,0,0.023397759008140354
6910-HADCM,1,0.8309237495421454
8587-XYZSF,0,0.03146309431826058
