customerID,churn_pred,churn_proba
1024-GUALD,1,0.8071548142180879
0484-JPBRU,0,0.18937536492986745
3620-EHIMZ,0,0.02660868666402751
6910-HADCM,1,0.8304394764831913
8587-XYZSF,0,0.036630346155834076
